{
  "params": [
    2.869797900703695,
    -0.24800825343277955,
    -1.7083103294980169,
    -0.5959821480923992,
    2.4278279909783698,
    -2.2204473919727756,
    0.08985844300446591,
    -2.166318200954761,
    0.5210424223091156,
    2.886686110384401,
    2.389872166388189,
    -1.1121439593001976,
    3.0504661327537064,
    0.8860813146633535,
    -1.277631842472954,
    1.3080410293194404,
    -1.124790314786274,
    -0.20673819927712578,
    1.26127201225594,
    -2.549811972006496,
    -1.1331774325689823,
    3.612426654301176,
    -1.2492405061509775,
    1.2152321088622555
  ],
  "fitness": 0.8850876923076924,
  "fullDatasetAccuracy": 0.7673611111111112,
  "flowMeanPFlow": 0.586476923076923,
  "nonflowMeanPFlow": 0.43013129770992364,
  "trainSize": 52,
  "totalLabeled": 288,
  "generations": 30
}